{
    "Gender": {
        "overall": {
            "accuracy": 0.7755102040816326,
            "precision": 0.37662337662337664,
            "recall": 0.6170212765957447,
            "f1": 0.46774193548387094,
            "f2": 0.5471698113207547,
            "selection_rate": 0.2619047619047619,
            "count": 294.0
        },
        "by_group": {
            "accuracy": {
                "Female": 0.7844827586206896,
                "Male": 0.7696629213483146
            },
            "precision": {
                "Female": 0.3448275862068966,
                "Male": 0.3958333333333333
            },
            "recall": {
                "Female": 0.625,
                "Male": 0.6129032258064516
            },
            "f1": {
                "Female": 0.4444444444444444,
                "Male": 0.4810126582278481
            },
            "f2": {
                "Female": 0.5376344086021505,
                "Male": 0.5523255813953488
            },
            "selection_rate": {
                "Female": 0.25,
                "Male": 0.2696629213483146
            },
            "count": {
                "Female": 116.0,
                "Male": 178.0
            }
        },
        "difference_overall": {
            "accuracy": 0.014819837272375014,
            "precision": 0.05100574712643674,
            "recall": 0.012096774193548376,
            "f1": 0.03656821378340369,
            "f2": 0.014691172793198315,
            "selection_rate": 0.0196629213483146,
            "count": 62.0
        },
        "ratio_overall": {
            "accuracy": 0.9811087788615879,
            "precision": 0.8711433756805809,
            "recall": 0.9806451612903226,
            "f1": 0.9239766081871345,
            "f2": 0.9734012450481041,
            "selection_rate": 0.9270833333333334,
            "count": 0.651685393258427
        }
    },
    "AgeGroup": {
        "overall": {
            "accuracy": 0.7755102040816326,
            "precision": 0.37662337662337664,
            "recall": 0.6170212765957447,
            "f1": 0.46774193548387094,
            "f2": 0.5471698113207547,
            "selection_rate": 0.2619047619047619,
            "count": 294.0
        },
        "by_group": {
            "accuracy": {
                "18-30": 0.6493506493506493,
                "31-40": 0.8174603174603174,
                "41-50": 0.8412698412698413,
                "51-60": 0.7857142857142857
            },
            "precision": {
                "18-30": 0.36363636363636365,
                "31-40": 0.3548387096774194,
                "41-50": 0.45454545454545453,
                "51-60": 0.5
            },
            "recall": {
                "18-30": 0.6666666666666666,
                "31-40": 0.7857142857142857,
                "41-50": 0.5555555555555556,
                "51-60": 0.16666666666666666
            },
            "f1": {
                "18-30": 0.47058823529411764,
                "31-40": 0.4888888888888889,
                "41-50": 0.5,
                "51-60": 0.25
            },
            "f2": {
                "18-30": 0.5714285714285714,
                "31-40": 0.632183908045977,
                "41-50": 0.5319148936170213,
                "51-60": 0.19230769230769232
            },
            "selection_rate": {
                "18-30": 0.42857142857142855,
                "31-40": 0.24603174603174602,
                "41-50": 0.1746031746031746,
                "51-60": 0.07142857142857142
            },
            "count": {
                "18-30": 77.0,
                "31-40": 126.0,
                "41-50": 63.0,
                "51-60": 28.0
            }
        },
        "difference_overall": {
            "accuracy": 0.19191919191919193,
            "precision": 0.14516129032258063,
            "recall": 0.6190476190476191,
            "f1": 0.25,
            "f2": 0.4398762157382847,
            "selection_rate": 0.3571428571428571,
            "count": 98.0
        },
        "ratio_overall": {
            "accuracy": 0.7718696397941681,
            "precision": 0.7096774193548387,
            "recall": 0.21212121212121213,
            "f1": 0.5,
            "f2": 0.3041958041958042,
            "selection_rate": 0.16666666666666666,
            "count": 0.2222222222222222
        }
    }
}