{
    "Gender": {
        "overall": {
            "accuracy": 0.7789115646258503,
            "precision": 0.38461538461538464,
            "recall": 0.6382978723404256,
            "f1": 0.48,
            "f2": 0.5639097744360902,
            "selection_rate": 0.2653061224489796,
            "count": 294.0
        },
        "by_group": {
            "accuracy": {
                "Female": 0.7844827586206896,
                "Male": 0.7752808988764045
            },
            "precision": {
                "Female": 0.3333333333333333,
                "Male": 0.4117647058823529
            },
            "recall": {
                "Female": 0.5625,
                "Male": 0.6774193548387096
            },
            "f1": {
                "Female": 0.4186046511627907,
                "Male": 0.5121951219512195
            },
            "f2": {
                "Female": 0.4945054945054945,
                "Male": 0.6
            },
            "selection_rate": {
                "Female": 0.23275862068965517,
                "Male": 0.28651685393258425
            },
            "count": {
                "Female": 116.0,
                "Male": 178.0
            }
        },
        "difference_overall": {
            "accuracy": 0.009201859744285112,
            "precision": 0.0784313725490196,
            "recall": 0.11491935483870963,
            "f1": 0.0935904707884288,
            "f2": 0.10549450549450545,
            "selection_rate": 0.05375823324292908,
            "count": 62.0
        },
        "ratio_overall": {
            "accuracy": 0.9882701568094827,
            "precision": 0.8095238095238095,
            "recall": 0.8303571428571429,
            "f1": 0.8172757475083057,
            "f2": 0.8241758241758242,
            "selection_rate": 0.8123732251521298,
            "count": 0.651685393258427
        }
    },
    "AgeGroup": {
        "overall": {
            "accuracy": 0.7789115646258503,
            "precision": 0.38461538461538464,
            "recall": 0.6382978723404256,
            "f1": 0.48,
            "f2": 0.5639097744360902,
            "selection_rate": 0.2653061224489796,
            "count": 294.0
        },
        "by_group": {
            "accuracy": {
                "18-30": 0.6623376623376623,
                "31-40": 0.8174603174603174,
                "41-50": 0.8571428571428571,
                "51-60": 0.75
            },
            "precision": {
                "18-30": 0.38235294117647056,
                "31-40": 0.3548387096774194,
                "41-50": 0.5,
                "51-60": 0.0
            },
            "recall": {
                "18-30": 0.7222222222222222,
                "31-40": 0.7857142857142857,
                "41-50": 0.6666666666666666,
                "51-60": 0.0
            },
            "f1": {
                "18-30": 0.5,
                "31-40": 0.4888888888888889,
                "41-50": 0.5714285714285714,
                "51-60": 0.0
            },
            "f2": {
                "18-30": 0.6132075471698113,
                "31-40": 0.632183908045977,
                "41-50": 0.625,
                "51-60": 0.0
            },
            "selection_rate": {
                "18-30": 0.44155844155844154,
                "31-40": 0.24603174603174602,
                "41-50": 0.19047619047619047,
                "51-60": 0.03571428571428571
            },
            "count": {
                "18-30": 77.0,
                "31-40": 126.0,
                "41-50": 63.0,
                "51-60": 28.0
            }
        },
        "difference_overall": {
            "accuracy": 0.19480519480519476,
            "precision": 0.5,
            "recall": 0.7857142857142857,
            "f1": 0.5714285714285714,
            "f2": 0.632183908045977,
            "selection_rate": 0.40584415584415584,
            "count": 98.0
        },
        "ratio_overall": {
            "accuracy": 0.7727272727272728,
            "precision": 0.0,
            "recall": 0.0,
            "f1": 0.0,
            "f2": 0.0,
            "selection_rate": 0.08088235294117647,
            "count": 0.2222222222222222
        }
    }
}