{
    "Gender": {
        "overall": {
            "accuracy": 0.7789115646258503,
            "precision": 0.3815789473684211,
            "recall": 0.6170212765957447,
            "f1": 0.4715447154471545,
            "f2": 0.5492424242424242,
            "selection_rate": 0.2585034013605442,
            "count": 294.0
        },
        "by_group": {
            "accuracy": {
                "Female": 0.7844827586206896,
                "Male": 0.7752808988764045
            },
            "precision": {
                "Female": 0.3448275862068966,
                "Male": 0.40425531914893614
            },
            "recall": {
                "Female": 0.625,
                "Male": 0.6129032258064516
            },
            "f1": {
                "Female": 0.4444444444444444,
                "Male": 0.48717948717948717
            },
            "f2": {
                "Female": 0.5376344086021505,
                "Male": 0.5555555555555556
            },
            "selection_rate": {
                "Female": 0.25,
                "Male": 0.2640449438202247
            },
            "count": {
                "Female": 116.0,
                "Male": 178.0
            }
        },
        "difference_overall": {
            "accuracy": 0.009201859744285112,
            "precision": 0.05942773294203957,
            "recall": 0.012096774193548376,
            "f1": 0.04273504273504275,
            "f2": 0.017921146953405076,
            "selection_rate": 0.014044943820224698,
            "count": 62.0
        },
        "ratio_overall": {
            "accuracy": 0.9882701568094827,
            "precision": 0.8529945553539021,
            "recall": 0.9806451612903226,
            "f1": 0.9122807017543859,
            "f2": 0.9677419354838709,
            "selection_rate": 0.946808510638298,
            "count": 0.651685393258427
        }
    },
    "AgeGroup": {
        "overall": {
            "accuracy": 0.7789115646258503,
            "precision": 0.3815789473684211,
            "recall": 0.6170212765957447,
            "f1": 0.4715447154471545,
            "f2": 0.5492424242424242,
            "selection_rate": 0.2585034013605442,
            "count": 294.0
        },
        "by_group": {
            "accuracy": {
                "18-30": 0.6623376623376623,
                "31-40": 0.8095238095238095,
                "41-50": 0.8571428571428571,
                "51-60": 0.7857142857142857
            },
            "precision": {
                "18-30": 0.375,
                "31-40": 0.34375,
                "41-50": 0.5,
                "51-60": 0.5
            },
            "recall": {
                "18-30": 0.6666666666666666,
                "31-40": 0.7857142857142857,
                "41-50": 0.5555555555555556,
                "51-60": 0.16666666666666666
            },
            "f1": {
                "18-30": 0.48,
                "31-40": 0.4782608695652174,
                "41-50": 0.5263157894736842,
                "51-60": 0.25
            },
            "f2": {
                "18-30": 0.5769230769230769,
                "31-40": 0.625,
                "41-50": 0.5434782608695652,
                "51-60": 0.19230769230769232
            },
            "selection_rate": {
                "18-30": 0.4155844155844156,
                "31-40": 0.25396825396825395,
                "41-50": 0.15873015873015872,
                "51-60": 0.07142857142857142
            },
            "count": {
                "18-30": 77.0,
                "31-40": 126.0,
                "41-50": 63.0,
                "51-60": 28.0
            }
        },
        "difference_overall": {
            "accuracy": 0.19480519480519476,
            "precision": 0.15625,
            "recall": 0.6190476190476191,
            "f1": 0.2763157894736842,
            "f2": 0.4326923076923077,
            "selection_rate": 0.3441558441558442,
            "count": 98.0
        },
        "ratio_overall": {
            "accuracy": 0.7727272727272728,
            "precision": 0.6875,
            "recall": 0.21212121212121213,
            "f1": 0.47500000000000003,
            "f2": 0.3076923076923077,
            "selection_rate": 0.17187499999999997,
            "count": 0.2222222222222222
        }
    }
}