{
    "Gender": {
        "overall": {
            "accuracy": 0.7414965986394558,
            "precision": 0.32941176470588235,
            "recall": 0.5957446808510638,
            "f1": 0.42424242424242425,
            "f2": 0.5128205128205128,
            "selection_rate": 0.2891156462585034,
            "count": 294.0
        },
        "by_group": {
            "accuracy": {
                "Female": 0.6896551724137931,
                "Male": 0.7752808988764045
            },
            "precision": {
                "Female": 0.25,
                "Male": 0.4
            },
            "recall": {
                "Female": 0.625,
                "Male": 0.5806451612903226
            },
            "f1": {
                "Female": 0.35714285714285715,
                "Male": 0.47368421052631576
            },
            "f2": {
                "Female": 0.4807692307692308,
                "Male": 0.5325443786982249
            },
            "selection_rate": {
                "Female": 0.3448275862068966,
                "Male": 0.25280898876404495
            },
            "count": {
                "Female": 116.0,
                "Male": 178.0
            }
        },
        "difference_overall": {
            "accuracy": 0.08562572646261135,
            "precision": 0.15000000000000002,
            "recall": 0.04435483870967738,
            "f1": 0.11654135338345861,
            "f2": 0.051775147928994125,
            "selection_rate": 0.09201859744285162,
            "count": 62.0
        },
        "ratio_overall": {
            "accuracy": 0.8895552223888057,
            "precision": 0.625,
            "recall": 0.9290322580645162,
            "f1": 0.7539682539682541,
            "f2": 0.9027777777777777,
            "selection_rate": 0.7331460674157303,
            "count": 0.651685393258427
        }
    },
    "AgeGroup": {
        "overall": {
            "accuracy": 0.7414965986394558,
            "precision": 0.32941176470588235,
            "recall": 0.5957446808510638,
            "f1": 0.42424242424242425,
            "f2": 0.5128205128205128,
            "selection_rate": 0.2891156462585034,
            "count": 294.0
        },
        "by_group": {
            "accuracy": {
                "18-30": 0.6753246753246753,
                "31-40": 0.7619047619047619,
                "41-50": 0.7936507936507936,
                "51-60": 0.7142857142857143
            },
            "precision": {
                "18-30": 0.4,
                "31-40": 0.2647058823529412,
                "41-50": 0.35714285714285715,
                "51-60": 0.0
            },
            "recall": {
                "18-30": 0.7777777777777778,
                "31-40": 0.6428571428571429,
                "41-50": 0.5555555555555556,
                "51-60": 0.0
            },
            "f1": {
                "18-30": 0.5283018867924528,
                "31-40": 0.375,
                "41-50": 0.43478260869565216,
                "51-60": 0.0
            },
            "f2": {
                "18-30": 0.6542056074766355,
                "31-40": 0.5,
                "41-50": 0.5,
                "51-60": 0.0
            },
            "selection_rate": {
                "18-30": 0.45454545454545453,
                "31-40": 0.2698412698412698,
                "41-50": 0.2222222222222222,
                "51-60": 0.07142857142857142
            },
            "count": {
                "18-30": 77.0,
                "31-40": 126.0,
                "41-50": 63.0,
                "51-60": 28.0
            }
        },
        "difference_overall": {
            "accuracy": 0.11832611832611828,
            "precision": 0.4,
            "recall": 0.7777777777777778,
            "f1": 0.5283018867924528,
            "f2": 0.6542056074766355,
            "selection_rate": 0.3831168831168831,
            "count": 98.0
        },
        "ratio_overall": {
            "accuracy": 0.850909090909091,
            "precision": 0.0,
            "recall": 0.0,
            "f1": 0.0,
            "f2": 0.0,
            "selection_rate": 0.15714285714285714,
            "count": 0.2222222222222222
        }
    }
}