{
    "Gender": {
        "overall": {
            "accuracy": 0.7925170068027211,
            "precision": 0.40540540540540543,
            "recall": 0.6382978723404256,
            "f1": 0.49586776859504134,
            "f2": 0.5725190839694656,
            "selection_rate": 0.25170068027210885,
            "count": 294.0
        },
        "by_group": {
            "accuracy": {
                "Female": 0.8017241379310345,
                "Male": 0.7865168539325843
            },
            "precision": {
                "Female": 0.36,
                "Male": 0.42857142857142855
            },
            "recall": {
                "Female": 0.5625,
                "Male": 0.6774193548387096
            },
            "f1": {
                "Female": 0.43902439024390244,
                "Male": 0.525
            },
            "f2": {
                "Female": 0.5056179775280899,
                "Male": 0.6069364161849711
            },
            "selection_rate": {
                "Female": 0.21551724137931033,
                "Male": 0.2752808988764045
            },
            "count": {
                "Female": 116.0,
                "Male": 178.0
            }
        },
        "difference_overall": {
            "accuracy": 0.015207283998450172,
            "precision": 0.06857142857142856,
            "recall": 0.11491935483870963,
            "f1": 0.08597560975609758,
            "f2": 0.10131843865688117,
            "selection_rate": 0.05976365749709417,
            "count": 62.0
        },
        "ratio_overall": {
            "accuracy": 0.981031774797632,
            "precision": 0.84,
            "recall": 0.8303571428571429,
            "f1": 0.8362369337979094,
            "f2": 0.8330658105939005,
            "selection_rate": 0.7828993666432089,
            "count": 0.651685393258427
        }
    },
    "AgeGroup": {
        "overall": {
            "accuracy": 0.7925170068027211,
            "precision": 0.40540540540540543,
            "recall": 0.6382978723404256,
            "f1": 0.49586776859504134,
            "f2": 0.5725190839694656,
            "selection_rate": 0.25170068027210885,
            "count": 294.0
        },
        "by_group": {
            "accuracy": {
                "18-30": 0.6753246753246753,
                "31-40": 0.8412698412698413,
                "41-50": 0.8571428571428571,
                "51-60": 0.75
            },
            "precision": {
                "18-30": 0.3939393939393939,
                "31-40": 0.39285714285714285,
                "41-50": 0.5,
                "51-60": 0.0
            },
            "recall": {
                "18-30": 0.7222222222222222,
                "31-40": 0.7857142857142857,
                "41-50": 0.6666666666666666,
                "51-60": 0.0
            },
            "f1": {
                "18-30": 0.5098039215686274,
                "31-40": 0.5238095238095238,
                "41-50": 0.5714285714285714,
                "51-60": 0.0
            },
            "f2": {
                "18-30": 0.6190476190476191,
                "31-40": 0.6547619047619048,
                "41-50": 0.625,
                "51-60": 0.0
            },
            "selection_rate": {
                "18-30": 0.42857142857142855,
                "31-40": 0.2222222222222222,
                "41-50": 0.19047619047619047,
                "51-60": 0.03571428571428571
            },
            "count": {
                "18-30": 77.0,
                "31-40": 126.0,
                "41-50": 63.0,
                "51-60": 28.0
            }
        },
        "difference_overall": {
            "accuracy": 0.18181818181818177,
            "precision": 0.5,
            "recall": 0.7857142857142857,
            "f1": 0.5714285714285714,
            "f2": 0.6547619047619048,
            "selection_rate": 0.39285714285714285,
            "count": 98.0
        },
        "ratio_overall": {
            "accuracy": 0.787878787878788,
            "precision": 0.0,
            "recall": 0.0,
            "f1": 0.0,
            "f2": 0.0,
            "selection_rate": 0.08333333333333333,
            "count": 0.2222222222222222
        }
    }
}