{
    "Gender": {
        "overall": {
            "accuracy": 0.7482993197278912,
            "precision": 0.3411764705882353,
            "recall": 0.6170212765957447,
            "f1": 0.4393939393939394,
            "f2": 0.5311355311355311,
            "selection_rate": 0.2891156462585034,
            "count": 294.0
        },
        "by_group": {
            "accuracy": {
                "Female": 0.75,
                "Male": 0.7471910112359551
            },
            "precision": {
                "Female": 0.3142857142857143,
                "Male": 0.36
            },
            "recall": {
                "Female": 0.6875,
                "Male": 0.5806451612903226
            },
            "f1": {
                "Female": 0.43137254901960786,
                "Male": 0.4444444444444444
            },
            "f2": {
                "Female": 0.5555555555555556,
                "Male": 0.5172413793103449
            },
            "selection_rate": {
                "Female": 0.3017241379310345,
                "Male": 0.2808988764044944
            },
            "count": {
                "Female": 116.0,
                "Male": 178.0
            }
        },
        "difference_overall": {
            "accuracy": 0.002808988764044895,
            "precision": 0.04571428571428571,
            "recall": 0.10685483870967738,
            "f1": 0.013071895424836555,
            "f2": 0.03831417624521072,
            "selection_rate": 0.020825261526540073,
            "count": 62.0
        },
        "ratio_overall": {
            "accuracy": 0.9962546816479402,
            "precision": 0.873015873015873,
            "recall": 0.844574780058651,
            "f1": 0.9705882352941178,
            "f2": 0.9310344827586207,
            "selection_rate": 0.9309791332263243,
            "count": 0.651685393258427
        }
    },
    "AgeGroup": {
        "overall": {
            "accuracy": 0.7482993197278912,
            "precision": 0.3411764705882353,
            "recall": 0.6170212765957447,
            "f1": 0.4393939393939394,
            "f2": 0.5311355311355311,
            "selection_rate": 0.2891156462585034,
            "count": 294.0
        },
        "by_group": {
            "accuracy": {
                "18-30": 0.6103896103896104,
                "31-40": 0.7777777777777778,
                "41-50": 0.8412698412698413,
                "51-60": 0.7857142857142857
            },
            "precision": {
                "18-30": 0.34210526315789475,
                "31-40": 0.29411764705882354,
                "41-50": 0.45454545454545453,
                "51-60": 0.5
            },
            "recall": {
                "18-30": 0.7222222222222222,
                "31-40": 0.7142857142857143,
                "41-50": 0.5555555555555556,
                "51-60": 0.16666666666666666
            },
            "f1": {
                "18-30": 0.4642857142857143,
                "31-40": 0.4166666666666667,
                "41-50": 0.5,
                "51-60": 0.25
            },
            "f2": {
                "18-30": 0.5909090909090909,
                "31-40": 0.5555555555555556,
                "41-50": 0.5319148936170213,
                "51-60": 0.19230769230769232
            },
            "selection_rate": {
                "18-30": 0.4935064935064935,
                "31-40": 0.2698412698412698,
                "41-50": 0.1746031746031746,
                "51-60": 0.07142857142857142
            },
            "count": {
                "18-30": 77.0,
                "31-40": 126.0,
                "41-50": 63.0,
                "51-60": 28.0
            }
        },
        "difference_overall": {
            "accuracy": 0.2308802308802309,
            "precision": 0.20588235294117646,
            "recall": 0.5555555555555556,
            "f1": 0.25,
            "f2": 0.39860139860139865,
            "selection_rate": 0.42207792207792205,
            "count": 98.0
        },
        "ratio_overall": {
            "accuracy": 0.725557461406518,
            "precision": 0.5882352941176471,
            "recall": 0.23076923076923075,
            "f1": 0.5,
            "f2": 0.3254437869822485,
            "selection_rate": 0.14473684210526316,
            "count": 0.2222222222222222
        }
    }
}