{
    "Gender": {
        "overall": {
            "accuracy": 0.7653061224489796,
            "precision": 0.36585365853658536,
            "recall": 0.6382978723404256,
            "f1": 0.46511627906976744,
            "f2": 0.5555555555555556,
            "selection_rate": 0.2789115646258503,
            "count": 294.0
        },
        "by_group": {
            "accuracy": {
                "Female": 0.7758620689655172,
                "Male": 0.7584269662921348
            },
            "precision": {
                "Female": 0.34375,
                "Male": 0.38
            },
            "recall": {
                "Female": 0.6875,
                "Male": 0.6129032258064516
            },
            "f1": {
                "Female": 0.4583333333333333,
                "Male": 0.4691358024691358
            },
            "f2": {
                "Female": 0.5729166666666666,
                "Male": 0.5459770114942529
            },
            "selection_rate": {
                "Female": 0.27586206896551724,
                "Male": 0.2808988764044944
            },
            "count": {
                "Female": 116.0,
                "Male": 178.0
            }
        },
        "difference_overall": {
            "accuracy": 0.01743510267338244,
            "precision": 0.036250000000000004,
            "recall": 0.07459677419354838,
            "f1": 0.010802469135802462,
            "f2": 0.0269396551724137,
            "selection_rate": 0.005036807438977164,
            "count": 62.0
        },
        "ratio_overall": {
            "accuracy": 0.9775280898876404,
            "precision": 0.9046052631578947,
            "recall": 0.8914956011730205,
            "f1": 0.9769736842105263,
            "f2": 0.9529780564263325,
            "selection_rate": 0.9820689655172413,
            "count": 0.651685393258427
        }
    },
    "AgeGroup": {
        "overall": {
            "accuracy": 0.7653061224489796,
            "precision": 0.36585365853658536,
            "recall": 0.6382978723404256,
            "f1": 0.46511627906976744,
            "f2": 0.5555555555555556,
            "selection_rate": 0.2789115646258503,
            "count": 294.0
        },
        "by_group": {
            "accuracy": {
                "18-30": 0.6363636363636364,
                "31-40": 0.8015873015873016,
                "41-50": 0.8571428571428571,
                "51-60": 0.75
            },
            "precision": {
                "18-30": 0.35294117647058826,
                "31-40": 0.3333333333333333,
                "41-50": 0.5,
                "51-60": 0.3333333333333333
            },
            "recall": {
                "18-30": 0.6666666666666666,
                "31-40": 0.7857142857142857,
                "41-50": 0.6666666666666666,
                "51-60": 0.16666666666666666
            },
            "f1": {
                "18-30": 0.46153846153846156,
                "31-40": 0.46808510638297873,
                "41-50": 0.5714285714285714,
                "51-60": 0.2222222222222222
            },
            "f2": {
                "18-30": 0.5660377358490566,
                "31-40": 0.6179775280898876,
                "41-50": 0.625,
                "51-60": 0.18518518518518517
            },
            "selection_rate": {
                "18-30": 0.44155844155844154,
                "31-40": 0.2619047619047619,
                "41-50": 0.19047619047619047,
                "51-60": 0.10714285714285714
            },
            "count": {
                "18-30": 77.0,
                "31-40": 126.0,
                "41-50": 63.0,
                "51-60": 28.0
            }
        },
        "difference_overall": {
            "accuracy": 0.22077922077922074,
            "precision": 0.16666666666666669,
            "recall": 0.6190476190476191,
            "f1": 0.3492063492063492,
            "f2": 0.4398148148148148,
            "selection_rate": 0.3344155844155844,
            "count": 98.0
        },
        "ratio_overall": {
            "accuracy": 0.7424242424242424,
            "precision": 0.6666666666666666,
            "recall": 0.21212121212121213,
            "f1": 0.3888888888888889,
            "f2": 0.2962962962962963,
            "selection_rate": 0.2426470588235294,
            "count": 0.2222222222222222
        }
    }
}